id,title,selftext,score,num_comments,author,created_utc,url,upvote_ratio,over_18,edited,spoiler,stickied,engagement,predicted_upvote
1bf75hr,"Would Leverkusen winning the invincible treble be the greatest achievement in football history?","Despite it being in the Europa league, surely if Leverkusen win the bundesliga, pokal, and UEL without losing a single match (~60-75 games), it should be the greatest feat in football history. Nothing comes close. I don‚Äôt think any team would have gone that long unbeaten both home and away. They would set a new and pretty much unbreakable record of longest unbeaten streak in all comps home and away.   Surely if this happens, Alonso and all his players stay to kickstart a new era of dominance in Germany and compete in UCL long term? Could this be the start of Leverkusen becoming a European giant? ",1312,500,lookingforfinaltix,"2024-03-15 06:04:29","https://www.reddit.com/r/football/comments/1bf75hr/would_leverkusen_winning_the_invincible_treble_be/",0.89,False,False,False,False,1812.0,1167.68
1bk3u5p,"[Panja] Palestine FA has written to FIFA asking for an item to be added to the agenda at May‚Äôs FIFA Congress to address what it says are ‚Äúgrave human rights and humanitarian law violations committed by Israel, and the complicity demonstrated by the Israel Football Association‚Äù",,976,174,MrVISKman,"2024-03-21 10:59:05","https://twitter.com/tariqpanja/status/1770075028907811143",0.83,False,False,False,False,1150.0,810.0799999999999
1bkvbwk,"[Iceland] eliminate Israel and advance to the final of the EURO 2024 Qualification for League B",,970,246,MrVISKman,"2024-03-22 09:41:09","https://twitter.com/footballiceland/status/1770928170117591130",0.93,False,False,False,False,1216.0,902.1
1b25uxh,"Antony's Manchester United downfall - zero goal contibutions in league as transfer exit looms",,757,166,Football_Discussions,"2024-02-28 13:18:13","https://www.transfermarkt.com/antonys-manchester-united-downfall-zero-goal-contibutions-in-league-as-transfer-exit-looms/view/news/434366",0.97,False,False,False,False,923.0,734.29
1bk9ld3,"Robinho, ex-Manchester City player, must serve 9-year prison term for rape | Football News",,739,103,DELAIZ,"2024-03-21 15:43:44","https://www.aljazeera.com/news/2024/3/21/robinho-ex-manchester-city-player-must-serve-9-year-prison-term-for-rape",0.97,False,False,False,False,842.0,716.8299999999999
1b3q0n5,"Marcus Rashford, the uncomfortable truth is you are not playing well enough",,716,218,TheTelegraph,"2024-03-01 09:13:08","https://www.telegraph.co.uk/football/2024/03/01/manchester-united-marcus-rashford-england-critics/",0.91,False,False,False,False,934.0,651.5600000000001
1b2yp8v,"Paul Pogba BANNED for FOUR YEARS for doping ","https://www.mirror.co.uk/sport/football/news/breaking-paul-pogba-banned-doping-32240168  He will be in top 5 list of footballers with wasted potential. Could have been one of the greatest mid ever if he was a little disciplined.",719,223,ranked_devilduke,"2024-02-29 12:01:50","https://www.reddit.com/r/football/comments/1b2yp8v/paul_pogba_banned_for_four_years_for_doping/",0.97,False,False,False,False,942.0,697.43
1bdvih8,"Trailblazing gay footballer Josh Cavallo announces engagement to fianc√© Leighton Morrell",,697,141,PinkNews,"2024-03-13 16:18:41","https://www.thepinknews.com/2024/03/13/josh-cavallo-announces-engagement-to-fiance-leighton-morrell/",0.81,False,False,False,False,838.0,564.57
1blt2rm,"Ronaldo's incredible record in CL","We all know that Ronaldo is the tournament's all time top scorer with 140 goals, but he has more additional amazing stats.  For example did you know that between 2007 and 2018, Ronaldo managed to qualify to the tournament's semi final every time except once in 2010. That's 11 semi finals out of 12.  Also during same period Ronaldo managed to appear in 6 finals, that's on average one final every two years. For 12 years on average every other final in the tournament had Ronaldo in it.",654,599,Aware_Ad1688,"2024-03-23 14:10:30","https://www.reddit.com/r/football/comments/1blt2rm/ronaldos_incredible_record_in_cl/",0.83,False,False,False,False,1253.0,542.8199999999999
1bnh4nq,"Dani Alves released from jail after paying ‚Ç¨1m bail and serving a quarter of his sentence for rape",,775,162,Metro-UK,"2024-03-25 15:55:01","https://metro.co.uk/2024/03/25/dani-alves-released-jail-paying-1m-bail-serving-a-quarter-sentence-rape-20526677/",0.94,False,False,False,False,937.0,728.5
1be6xmj,"Jadon Sancho 'grateful' to Dortmund for 'believing in me' after reaching Champions League quarter-finals - Eurosport","Strange how a player can thrive when he's surrounded by people who care about him.",543,152,TheBarnacle63,"2024-03-13 23:52:34","https://www.eurosport.com/football/champions-league/2023-2024/jadon-sancho-grateful-to-dortmund-for-believing-in-me-after-reaching-champions-league-quarter-finals_sto10060793/story.shtml",0.81,False,False,False,False,695.0,439.83000000000004
1bk3u03,"FA urged by government to consider banning transgender women from playing women's football to prevent 'unfair advantage'",,529,597,MrVISKman,"2024-03-21 10:58:46","https://news.sky.com/story/fa-urged-by-government-to-consider-banning-transgender-women-from-playing-womens-football-to-prevent-unfair-advantage-13098207",0.89,False,False,False,False,1126.0,470.81
1b0h94m,"Ronaldo criticized for apparent obscene gesture",,526,349,tylerthe-theatre,"2024-02-26 13:16:02","https://www.espn.co.uk/football/story/_/id/39599711/ronaldo-criticized-obscene-gesture-saudi-game",0.91,False,False,False,False,875.0,478.66
1bd0tcd,"UEFA will use computers for UCL league phase draw from next season ",,506,131,tylerthe-theatre,"2024-03-12 16:02:00","https://www.espn.com/soccer/story/_/id/39714659/uefa-computerise-champions-league-draw-next-season?_nocache",0.97,False,False,False,False,637.0,490.82
1b7xecx,"Jude Bellingham suspended for two games by La Liga","For ""Attitudes of contempt or inconsideration towards referees, managers or sports authorities.‚Äù. [x](https://twitter.com/fabrizioromano/status/1765326713209196757)",474,200,Chamrockk,"2024-03-06 11:27:09","https://www.reddit.com/r/football/comments/1b7xecx/jude_bellingham_suspended_for_two_games_by_la_liga/",0.96,False,False,False,False,674.0,455.03999999999996
1b1dqbb,"Cristiano Ronaldo 'faces possible investigation' after on-pitch 'obscene gesture' in Saudi Arabia | World News",,478,90,Football_Discussions,"2024-02-27 14:53:56","https://news.sky.com/story/cristiano-ronaldo-faces-possible-investigation-after-on-pitch-obscene-gesture-in-saudi-arabia-13081440",0.95,False,False,False,False,568.0,454.09999999999997
1bbou0i,"How was Zidane viewed after the 2006 World Cup in France? ","I was only 8 at the time, so would be interested to hear those thoughts of those around. ",466,247,Sal21G,"2024-03-10 23:43:03","https://www.reddit.com/r/football/comments/1bbou0i/how_was_zidane_viewed_after_the_2006_world_cup_in/",0.97,False,False,False,False,713.0,452.02
1b70044,"What clubs think they‚Äôre bigger than they actually are?","title ",445,1636,Classic_Bass_1824,"2024-03-05 08:01:26","https://www.reddit.com/r/football/comments/1b70044/what_clubs_think_theyre_bigger_than_they_actually/",0.9,False,False,False,False,2081.0,400.5
1bij91r,"England will win the Euros. That is my prediction ","That is my bold prediction. They have too many good players. Kane, Bellingham, et Al are in strong form. The key is to avoid the English meltdown.",416,466,TheBarnacle63,"2024-03-19 12:39:31","https://www.reddit.com/r/football/comments/1bij91r/england_will_win_the_euros_that_is_my_prediction/",0.74,False,False,False,False,882.0,307.84
1bj9psk,"Saudi Arabia's faltering hopes on the world football stage",,367,225,LeMonde_en,"2024-03-20 09:53:01","https://www.lemonde.fr/en/football/article/2024/03/20/saudi-arabia-s-faltering-hopes-on-the-world-football-stage_6636677_130.html",0.94,False,False,False,False,592.0,344.97999999999996
1bkw3ma,"England kit: Nike has no plans to change new St George's Cross design",,351,279,tylerthe-theatre,"2024-03-22 10:32:31","https://www.bbc.co.uk/news/uk-68632034?xtor=AL-72-%5Bpartner%5D-%5Bbbc.news.twitter%5D-%5Bheadline%5D-%5Bnews%5D-%5Bbizdev%5D-%5Bisapi%5D&at_campaign_type=owned&at_format=link&at_campaign=Social_Flow&at_ptr_name=twitter&at_medium=social&at_bbc_team=editorial&at_link_type=web_link&at_link_id=2C9C2B88-E7C9-11EE-86CB-A4054C3AC5C4&at_link_origin=BBCNews",0.9,False,False,False,False,630.0,315.90000000000003
1b4w280,"What are some football conspiracies that you actually believe?","e.g. Yaya Toure‚Äôs ex agent predicted an ‚ÄúAfrican Curse‚Äù will prevent Pep from ever winning the UCL with Man City. His words: ‚ÄúTime will tell if I‚Äôm right or wrong.‚Äù  A few months before City won the UCL, Toure‚Äôs former agent claimed Pep is now free from the African Curse‚Ä¶Kinda crazy when you think about it",355,334,cigannn,"2024-03-02 19:12:04","https://www.reddit.com/r/football/comments/1b4w280/what_are_some_football_conspiracies_that_you/",0.9,False,False,False,False,689.0,319.5
1b2wvll,"Cristiano Ronaldo suspended for one match for ""obscene gesture"" in the Saudi League. ","Why do you think he does all this? Hunger? Immaturity? Passion? ",344,212,PreetiPaadWali,"2024-02-29 10:04:57","https://www.reddit.com/r/football/comments/1b2wvll/cristiano_ronaldo_suspended_for_one_match_for/",0.89,False,False,False,False,556.0,306.16
1bdxdue,"Multi-club ownership's should be banned from football","Liverpool have recently appointed Michael Edwards as sporting director and he wants a multi-club ownership model at Liverpool. There's at least 300 clubs in football now with this model and all it does is spread the gap between the top, rich clubs from the rest. It's anti-competition and doesn't get enough scrutiny in my opinion.   What are your thought's on MCO?",325,158,XHeraclitusX,"2024-03-13 17:32:30","https://www.reddit.com/r/football/comments/1bdxdue/multiclub_ownerships_should_be_banned_from/",0.91,False,False,False,False,483.0,295.75
1bdwbf8,"Lewandowski insane stat in the Champions League ","94 goals, 26 assists in 118 games  32 goals, 12 assists in 44 knockout games  13 goals and 6 assists in the last 13 knockout games",303,109,SpiritualBet6355,"2024-03-13 16:50:29","https://www.reddit.com/r/football/comments/1bdwbf8/lewandowski_insane_stat_in_the_champions_league/",0.95,False,False,False,False,412.0,287.84999999999997
1bhmczi,"These weird ‚ÄûWhat club should I choose?‚Äú threads","I am honestly curious if these threads are real and people honestly ‚Äûdecide‚Äú on paper what club they want to support.  How does this work?  Is this like an arranged marriage? Are you guys learning to love your club?  I mean I understand that Americans are not ‚Äûborn‚Äú into clubs as the rest of the world is, where you pick your local team or the team your father supports. But the way you guys approach this, is absolutely unnatural and weird.  Do you guys not develop natural interest for things? Do things not peak your interest? Do you not develop sympathy?   Almost every football fan on this planet sympathizes with other clubs, often from different countries. This sympathy develops because of certain matches, players or maybe simple things like a visit on vacation. Who knows‚Ä¶  The thought of asking in r/NFL what team would be good to support? Weird as hell. What parameters are you even looking for? Shirt color? Beer prices?   I would advise all of you to watch football if you want to and surely there will be teams that you are automatically drawn to.   But please stop these threads. We are not in a Cafeteria where the cook gives you the recommendation of the day.",293,180,SanSeb,"2024-03-18 09:12:53","https://www.reddit.com/r/football/comments/1bhmczi/these_weird_what_club_should_i_choose_threads/",0.93,False,False,False,False,473.0,272.49
1b0hdmx,"Everton 10-point deduction reduced to six following appeal verdict",,281,87,Superschmoo,"2024-02-26 13:22:06","https://www.skysports.com/share/13075486",0.97,False,False,False,False,368.0,272.57
1b819d8,"Spanish prosecutors want Carlo Ancelotti to serve lengthy prison sentence",,252,55,tylerthe-theatre,"2024-03-06 14:37:38","https://talksport.com/football/1776268/carlo-ancelotti-prison-tax/",0.96,False,False,False,False,307.0,241.92
1bifr49,"Madrid complaint: Ref 'negligent' on Vini abuse",,251,93,tylerthe-theatre,"2024-03-19 08:58:20","https://www.espn.co.uk/football/story/_/id/39761769/real-madrid-complaint-ref-negligent-vinicius-abuse",0.87,False,False,False,False,344.0,218.37
1bdpnbs,"Conceicao says Arteta 'insulted my family' during CL game in latest spat with opposing manager",,242,79,Majano57,"2024-03-13 11:56:49","https://apnews.com/article/conceicao-arteta-insulted-family-porto-arsenal-66f1378ec2d7ca7cb6aac9964824a040",0.94,False,False,False,False,321.0,227.48
1bbdaox,"What would happen if a manager went on the pitch and tackled a player in a last ditch effort to save a result?","As the title suggests I‚Äôm just wondering what would happen if say a team was 1-0 up in the champions league final and the opposing team was on attack with no defenders in the last minute almost guaranteed to score and the manager of the team ran on the pitch and tackled the attacker? Would this stop the game and therefore the attack and goal? Always wondered.",234,81,hammondyouidiot1,"2024-03-10 15:43:38","https://www.reddit.com/r/football/comments/1bbdaox/what_would_happen_if_a_manager_went_on_the_pitch/",0.94,False,False,False,False,315.0,219.95999999999998
1b3mp0y,"How did Messi and C. Ronaldo last so long compared to other legends/greats?","How did Messi and C. Ronaldo last so long compared to other legends/greats?",234,239,Eireagon,"2024-03-01 05:38:19","https://www.reddit.com/r/football/comments/1b3mp0y/how_did_messi_and_c_ronaldo_last_so_long_compared/",0.9,False,False,False,False,473.0,210.6
1bmcipb,"How is Bayern so dominant in Europe despite playing in a league with low parity?","Bayern have won the CL six times and tend to go to deep in the competition. They're able to compete with the best teams on the continent and often times obliterate the opposing side. And they do so without facing serious competition in their own domestic league (obviously the last couple of years have been an exception, as well as the two Dortmund titles during Klopp). They have won the Bundesliga 33 times while the next closest club has won it 9 times. That is an insane level of domestic dominance. You would assume the lack of domestic competition would hurt Bayern in international competition as it could make the club complacent, not as sharp or on edge, etc. but it doesn't. Why is that? What is it about Bayern that make them so good in Europe?",228,338,BATMAN_UTILITY_BELT,"2024-03-24 04:43:24","https://www.reddit.com/r/football/comments/1bmcipb/how_is_bayern_so_dominant_in_europe_despite/",0.72,False,False,False,False,566.0,164.16
1bdo4d9,"The Super League is dead - thanks to Denmark",,205,40,TheTelegraph,"2024-03-13 10:25:33","https://www.telegraph.co.uk/football/2024/03/13/european-super-league-name-change-denmark-uefa/",0.81,False,False,False,False,245.0,166.05
1bc0dil,"Pochettino vows to never quit Chelsea and slams 'completely unfair' criticism",,198,35,tylerthe-theatre,"2024-03-11 10:51:00","https://talksport.com/football/1783187/mauricio-pochettino-never-quit-chelsea-hits-out-criticism/",0.96,False,False,False,False,233.0,190.07999999999998
1b64gug,"‚ÄòAbsolutely not‚Äô: Ten Hag denies United are way behind City after derby defeat | Manchester United",,194,95,Kevin_dream88,"2024-03-04 06:54:31","https://www.theguardian.com/football/2024/mar/03/absolutely-not-ten-hag-denies-united-are-way-behind-city-after-derby-defeat",0.92,False,False,False,False,289.0,178.48000000000002
1bapfl1,"Why doesn‚Äôt VAR punish divers?","I feel like the technology is already there, and Diving is in a major issue in the sport for the past years. Giving a yellow card for Diving would be a great way to give the game or flow and to discourage this behavior. If VAR, is used to check if there is a penalty and it is not given because it was a dive, I believe a yellow card should be given to the diver every time. What are your thoughts?",188,92,Good_evening_poland,"2024-03-09 19:08:12","https://www.reddit.com/r/football/comments/1bapfl1/why_doesnt_var_punish_divers/",0.87,False,False,False,False,280.0,163.56
1bh3u7u,"Brazil v france 2006 v the way popular football has changed","i had epl match day highlights on autoplay last night, youtube autoplayed me into the full brazil v france game from 06 eventually and im like whatever, probably a good thing to know about this game and these players more. i used this as an opportunity to see how the game has changed in popular tactics to be more boring to watch, because this was a fun game despite the lack of goals.   i tried to deduce why this game was so open (and why games fromthis time are typically open games) compared to the last 15 or so years of higher level football. my conclusion is , almost at no point during brazil v france did either side want to retain possession. both sides were spitballing aerial passes & potential plays all game, when a winger was hugging their side of the offensive third they almost aways put in a cross attempt or to drive centrally, rarely did they pass back to their fullback in those positions, always squeezing an offensive play or attempting to instead. and nobody was holding possession in their opponents area , passing to the center, trading posession with either wingers, passing back to the center halves if there wasnt something there, like  what is very common today. i wonder how accurate this applied to everybody back then ",187,86,WxrldPeacer,"2024-03-17 17:55:52","https://www.reddit.com/r/football/comments/1bh3u7u/brazil_v_france_2006_v_the_way_popular_football/",0.86,False,False,False,False,273.0,160.82
1bhgl2v,"What are the 10 biggest clubs in terms of popularity only","What are the 10 biggest clubs in the world today in terms of popularity solely and not factoring in success or anything.  The first 3 clubs that come to mind imo are: 1. Real Madrid 2. Barcelona  3. Manchester United  May not be the top 3 in terms of ranking off success (although Real Madrid would still be number 1) but in terms of world renowned recognition I don‚Äôt think any club is more recognized then these 3.",187,277,Sensitive-Month2382,"2024-03-18 02:58:19","https://www.reddit.com/r/football/comments/1bhgl2v/what_are_the_10_biggest_clubs_in_terms_of/",0.85,False,False,False,False,464.0,158.95
1bn3tnn,"United States is the two-time champion of the League of Nations.","      https://preview.redd.it/v44ejadneeqc1.png?width=624&format=png&auto=webp&s=f637667a8a9d9e2449e79f02a805d2be6946b932   USA wins 2-0 against Mexico and is the two-time champion of the Nations League. Mexico has already lost 3 finals in a row against USA and has not won a game against USA in 5 years.*üì∑*    ",183,190,ExtensionConstant933,"2024-03-25 03:20:39","https://www.reddit.com/r/football/comments/1bn3tnn/united_states_is_the_twotime_champion_of_the/",0.81,False,False,False,False,373.0,148.23000000000002
1bjalya,"Man United state of play: How close is Ten Hag to losing his job, really?",,173,170,tylerthe-theatre,"2024-03-20 10:52:37","https://www.espn.co.uk/football/story/_/id/39767284/man-united-state-play-how-close-ten-hag-sacking",0.88,False,False,False,False,343.0,152.24
1bda178,"What's up with Brazilians and super white teeth","Why do so many Brazilian footballers get super white teeth? I get that you wanna fix them, but why would you want them to look spray painted? And it seems to only be Brazilians. Coutinho, Firmino, Rodrygo, Militao, Gabriel Magalhaes, there might even be more.     edit: watching the Arsenal - Porto game, gonna add Galeno to the list as well",168,82,IEnjoyAThickSausage,"2024-03-12 22:02:25","https://www.reddit.com/r/football/comments/1bda178/whats_up_with_brazilians_and_super_white_teeth/",0.91,False,False,False,False,250.0,152.88
1b5mp8u,"Who else was fooled that Ten Hag was some JDP progressive play genius like Pep because he was bald and managed Ajax?","This guy is much more similar to mourinho than Pep. His Ajax team played good football but then every single Ajax team plays that style so I was fooled. Hes just yet another reactive manager man, he has been cooking up absolute terrorism this year ",170,204,PaytonPeytonPaton,"2024-03-03 17:32:13","https://www.reddit.com/r/football/comments/1b5mp8u/who_else_was_fooled_that_ten_hag_was_some_jdp/",0.73,False,False,False,False,374.0,124.1
1b7c7m2,"Copa America is Inconsistent with their tournament... WHY?","What with the inconsistency of the Copa America? The Euroes go on every two years, and Copa America goes all over the place, varying from every 1-4 years. Why is that?   Past years that Copa America was hosted:   2024,2021,2019,2016,2015,2011,2007,2004,2001  Edit: euro every 4 years",162,192,chimichangaboii,"2024-03-05 18:15:30","https://www.reddit.com/r/football/comments/1b7c7m2/copa_america_is_inconsistent_with_their/",0.8,False,False,False,False,354.0,129.6
1b43yoa,"Who‚Äôs a player who people believed played for a certain club but never actually played for them (Mandela Affect Basically) ","I thought Di Natale played for Juventus and even got a Juve custom shirt with the name of Di Natale",161,196,Beezustreesus,"2024-03-01 20:03:58","https://www.reddit.com/r/football/comments/1b43yoa/whos_a_player_who_people_believed_played_for_a/",0.88,False,False,False,False,357.0,141.68
1be3cvx,"Football conspiracy theories you believe in ","I can‚Äôt think of one I 100% believe in so go nuts",155,471,Jimbodinho93,"2024-03-13 21:27:16","https://www.reddit.com/r/football/comments/1be3cvx/football_conspiracy_theories_you_believe_in/",0.9,False,False,False,False,626.0,139.5
1bk2q23,"LaLiga slams Madrid's 'merciless' attack on refs",,155,31,tylerthe-theatre,"2024-03-21 09:43:31","https://www.espn.co.uk/football/story/_/id/39771147/laliga-slams-real-madrid-merciless-campaign-referees",0.93,False,False,False,False,186.0,144.15
1b8qcvh,"If you could bring back any retired player for one season, who would it be and why?","Personally I‚Äôd choose either Ronaldinho or Kaka, I suppose I have a thing for Brazilians ",143,269,cigannn,"2024-03-07 09:19:01","https://www.reddit.com/r/football/comments/1b8qcvh/if_you_could_bring_back_any_retired_player_for/",0.95,False,False,False,False,412.0,135.85
1bkvry4,"German national football team ends 77 years of sponsorship with Adidas",,139,49,No_Money5651,"2024-03-22 10:11:40","https://www.ft.com/content/dd4759ee-75db-42b8-b162-4da3061fbd5a",0.98,False,False,False,False,188.0,136.22
1b1ie9f,"How is lower league football in other countries?","How is lower league football perceived in other countries. I know in Germany their second division has some big teams in it and the stadiums are sellouts.  Being from England the Championship is well respected and watched, some like myself would say it's more entertaining then the Premier league at times especially the play-offs.  In other European countries do people watch lower division football and how are the TV deals in those countries?",134,119,OnTheBeanz,"2024-02-27 18:01:02","https://www.reddit.com/r/football/comments/1b1ie9f/how_is_lower_league_football_in_other_countries/",0.99,False,False,False,False,253.0,132.66
1bg93h9,"No current ball knowledge here. Who has the upper hand in Champions League?","Ive always loved Bayern, but i havent watched Football in quite some time. Only watched the last 3-0 against Lazio, where i think they played just fine  Regarding the draws, who has a good chance of winning? It atleast seems like Atletico has a good chance of going to the final. Dont know about Bayern vs Arsenal, i watched one good match but they are losing to Leverkusen, which is a big loss. Real Madrid vs Manchester City is also interesting. Seems like a 50/50  Im not very knowledgeable on it right now, and would like some knowledge from you all. Thanks",134,204,SuperProGamer7568,"2024-03-16 15:50:21","https://www.reddit.com/r/football/comments/1bg93h9/no_current_ball_knowledge_here_who_has_the_upper/",0.8,False,False,False,False,338.0,107.2
1b9bazb,"The Champions League has gone stale and is past the point of no return",,129,230,Majano57,"2024-03-08 01:28:29","https://www.independent.co.uk/sport/football/champions-league-uefa-man-city-psr-b2508698.html",0.59,False,False,False,False,359.0,76.11
1b7187a,"Erling Haaland or Kevin De Bruyne: Who is more important for the title run-in?",,121,282,Guilty_Raspberry,"2024-03-05 09:28:11","https://medium.com/follower-booster-hub/erling-haaland-or-kevin-de-bruyne-who-is-more-important-for-the-title-run-in-7e40161516c9",0.82,False,False,False,False,403.0,99.22
1b27hab,"Grealish told to consider shock Man City exit with 'issue behind the scenes'",,117,52,tylerthe-theatre,"2024-02-28 14:35:01","https://talksport.com/football/1766766/jack-grealish-man-city-transfer-pep-guardiola/",0.67,False,False,False,False,169.0,78.39
1b5iivv,"If your club could sign any current player from their direct rivals, for FREE, who would it be?","As a Real Madrid fan, in the past I would say Messi without even thinking. Nowadays it's not as easy, but I would probably be Joao Cancelo. He isn't the best defensively, but he can work wonders in attack, plus he plays in both fullback positions and occasionally in the midfield. Very good crosser, passer and sometimes long distance shooter. He could work well as a RB, as he is a very offensive fullback, balancing nicely with a very defensive fullback, Mendy. Carvajal is also defensively solid, so he could play as a LB, on that occasion, especially on games when Real Madrid really need offensive fullbacks.  I know technically Cancelo is a Manchester City player, so if he doesn't count, I'd say Pedri or Kounde.",116,269,Icy-Designer7103,"2024-03-03 14:32:21","https://www.reddit.com/r/football/comments/1b5iivv/if_your_club_could_sign_any_current_player_from/",0.82,False,False,False,False,385.0,95.11999999999999
1bcpzbw,"Was Newcastle just one season wonder and now they go back to being mid table club?","What do you think of their current state?",111,138,Ripatti69,"2024-03-12 05:56:14","https://www.reddit.com/r/football/comments/1bcpzbw/was_newcastle_just_one_season_wonder_and_now_they/",0.81,False,False,False,False,249.0,89.91000000000001
1b1cp1l,"I love African football and you should too because of the drama, hear this...","Samuel Eto'o, President of Cameroon FA, will not be consulted for the choice of the next coach of the Cameroon national team following the failure of legend Rigobert Song. The decision will be taken by the Head of State, a 91-year-old man known as Paul Biya, who has been in power since 1982. ",114,42,Background-Radish348,"2024-02-27 14:08:07","https://www.reddit.com/r/football/comments/1b1cp1l/i_love_african_football_and_you_should_too/",0.88,False,False,False,False,156.0,100.32000000000001
1b9k3du,"Advice for son (he is 8 years old) - how to shoot properly?!","Hey guys,  My son enjoys playing football for his school and in some little 7 a side games. I take him every week, but was never much of a footballer myself.  I have a question about technique. If he wants to hit the ball hard, when shooting, then what is the best way of doing this? Is it about timing, or ""putting the laces through it"", or turning the hips, or using the arms to give balance? Maybe all of these, but I am not sure.  Would appreciate any thoughts you might have!  EDIT: Really amazing responses, very grateful for this advice. Our next match is tomorrow morning. wish us luck! cheers guys greatly appreciated",107,36,No-Charge6350,"2024-03-08 09:25:19","https://www.reddit.com/r/football/comments/1b9k3du/advice_for_son_he_is_8_years_old_how_to_shoot/",0.93,False,False,False,False,143.0,99.51
1bfjj3f,"Virgil van Dijk: My one regret in Liverpool's quest for perfect Jurgen Klopp farewell",,109,22,TheTelegraph,"2024-03-15 17:33:02","https://www.telegraph.co.uk/football/2024/03/15/virgil-van-dijk-liverpool-jurgen-klopp-farewell-regret/",0.84,False,False,False,False,131.0,91.56
1bccw8v,"Just got back to the entire football watching after about 4-5 years and I‚Äôm shocked at the transfers","Okay please don‚Äôt judge me. I loved watching La Liga and Champions League until like 2019 and then becoz of college and other stuff couldn‚Äôt keep up with the tournaments. Also was a Real Madrid supporter so was kinda upset with the Ronaldo transfer. Being a girl I absolutely had nobody to even discuss football with lol.  I‚Äôm getting in touch with football after a long time and what the hell, so many players have gone to Saudi and other clubs that I wasn‚Äôt even aware existed. I can hardly identify 3-4 Real Madrid players.   It‚Äôs just nostalgic because for me 2012-2018 was the best phase of watching football. I still remember Champions league 2014ü•π I feel sad that all the good players of that era are almost retiring and playing for random clubs.  Also, is anyone even watching the Saudi league? Is it worth watching and why have players left Europe for Saudi?",108,123,daydreamer7121,"2024-03-11 20:09:09","https://www.reddit.com/r/football/comments/1bccw8v/just_got_back_to_the_entire_football_watching/",0.73,False,False,False,False,231.0,78.84
1bjsb3w,"Brazil: Supreme Court of Justice rules that Robinho, convicted in Italy of rape, must serve time in","Brazil By 9 votes to 2, the court forces the former player to serve a nine-year sentence in a closed regime  &#x200B;  [News in Portuguese/english (google translator)](https://ge-globo-com.translate.goog/sp/futebol/noticia/2024/03/20/stj-decide-que-robinho-condenado-na-italia-por-estupro-deve-cumprir-pena-no-brasil.ghtml?_x_tr_sl=pt&_x_tr_tl=en&_x_tr_hl=pt-BR&_x_tr_pto=wapp)",99,17,DeepNavyBlue,"2024-03-20 23:46:57","https://www.reddit.com/r/football/comments/1bjsb3w/brazil_supreme_court_of_justice_rules_that/",0.95,False,False,False,False,116.0,94.05
1bmbb4l,"Is la masia really that good or it's just highly rated because of barca's success with la masia dominant squad in the 2010s?","I often think apart from barca's success in the 2010s era, la masia's graduates aren't all that special. The only difference is the first team gives them a chance.",103,89,TurbulentLength655,"2024-03-24 03:35:51","https://www.reddit.com/r/football/comments/1bmbb4l/is_la_masia_really_that_good_or_its_just_highly/",0.79,False,False,False,False,192.0,81.37
1b8shhk,"Why do people ignore longevity while comparing players ?","Weird things i have noticed among football fans . Generally while comparing legends or players people only mention or talk about their primes but rarely about their longevity. Imo Not getting injured frequently and maintaining your shape is also a skill not everyone can do that . It is a major part of a player‚Äôs career . Having a long career at a world class level and as one of best players. is way better than having 2 or 3 wonderful seasons . I have seen players like Thomas muller and lewandowski fall victim to this . People rarely look at how long they were able to maintain themselves at a world class level .",98,91,ground_hog_cute,"2024-03-07 11:34:26","https://www.reddit.com/r/football/comments/1b8shhk/why_do_people_ignore_longevity_while_comparing/",0.87,False,False,False,False,189.0,85.26
1b1ycdy,"Why is there a stigma against tactically flexible coaches?","I‚Äôve noticed this for managers who don‚Äôt have a distinct style or playing philosophy that‚Äôs immediately identifiable. Think your Ancelotti‚Äôs, your Zidane‚Äôs, hell go back a decade and SAF was known for being way more pragmatic than he was idealist, and they‚Äôre usually put on a step below the managers who do have that style you can spot clearly. Until recently at Real, how often was Carlo being compared with the gegenpressing Klopp, or the lunacy of Bielsa-ball, or the controlling Guardiola? It‚Äôs a common thing for the coaches in that tier if being greatest of all time to have a clear tactical plan and have little noticeable flexibility.    Maybe I‚Äôm jumping to conclusions too early but there definitely seems to be an issue of people placing managers on a pedestal because they have an identity they want their team to have, even if sometimes adapting would lead to better results. What do you think? ",99,45,Classic_Bass_1824,"2024-02-28 05:35:19","https://www.reddit.com/r/football/comments/1b1ycdy/why_is_there_a_stigma_against_tactically_flexible/",0.88,False,False,False,False,144.0,87.12
1bmthnw,"UEFA vs CONMEBOL (In all World Cups)"," CONMEBOL VS UEFA HISTORY in WORLD CUP    Matches: 246   CONMEBOL victories: 100    UEFA victories: 89    Draw: 57   &#x200B;  GOALS:  CONMEBOL: 349 goals  UEFA: 331  &#x200B;  K/O STAGE:  CONMEBOL : 38  UEFA: 35  &#x200B;  FINALS:  CONMEBOL has won 8  UEFA : 3",93,58,Empty_Ad960,"2024-03-24 19:44:31","https://www.reddit.com/r/football/comments/1bmthnw/uefa_vs_conmebol_in_all_world_cups/",0.86,False,False,False,False,151.0,79.98
1b1hs0s,"Which clubs have a similar recruitment policy like Athletic Bilbao?","Athletic Bilbao's Basque only player policy is certainly the most unique way of recruitment in the world of football, in many publications I've read that they are the only club that follow this region specific ideology.  But are they the only one? That's what I want to know. Sure teams might not stick to just one region for recruitment as it's severely limiting, but there might be teams who just recruit within a particular country or even within the same group, so much so that other clubs raise eyebrows (looking at you RB and City group clubs).",95,56,Duke_Frederick,"2024-02-27 17:36:26","https://www.reddit.com/r/football/comments/1b1hs0s/which_clubs_have_a_similar_recruitment_policy/",0.94,False,False,False,False,151.0,89.3
1b6coo9,"Who is/are the greatest trio in the history of World Football?","In sports teamwork is essential if a team wants to win. There are some trios who lead by example when it comes to teamwork in football.  like Van Basten-Gulit-Rijkard, Beckenbauer-Maier-Gerd Muller,Messi-Suarez-Neymar, Bale-Benzema-Ronaldo, Ronaldo-Rivaldo-Ronaldinho, Messi-Eto'o-Henry,Xavi-Iniesta,Busquets,Kroos-Modric-Casemiro,Mane-Salah-Firmino and many more  &#x200B;  who is/are your favourite trio in world football history?",88,251,ComfortableNo2879,"2024-03-04 14:48:21","https://www.reddit.com/r/football/comments/1b6coo9/who_isare_the_greatest_trio_in_the_history_of/",0.9,False,False,False,False,339.0,79.2
1bkhe0o,"Scotland will win the Euros. That is my prediction.","Imagine they did, after you read this post and dismissed it? You'd feel right silly. Plus I don't think European football is prepared for Lawrence ""Pies"" Shankland being unleashed",82,104,bakalite69,"2024-03-21 21:02:41","https://www.reddit.com/r/football/comments/1bkhe0o/scotland_will_win_the_euros_that_is_my_prediction/",0.7,False,False,False,False,186.0,57.4
1b4f6fl,"Soccer-Saudi Arabia launch bid to host the 2034 World Cup",,88,60,Football_Discussions,"2024-03-02 04:13:00","https://www.msn.com/en-us/sports/fifa-world-cup/soccer-saudi-arabia-launch-bid-to-host-the-2034-world-cup/ar-BB1jcoJm",0.76,False,False,False,False,148.0,66.88
1ba5007,"Times when a manager was clearly out of their depth when managing a team?","- John Carver - Newcastle United  - David Moyes - Manchester United - Steve McClaren - England  ",87,267,Aqn95,"2024-03-09 01:07:58","https://www.reddit.com/r/football/comments/1ba5007/times_when_a_manager_was_clearly_out_of_their/",0.9,False,False,False,False,354.0,78.3
1ber4t5,"[FIFA] Introducing the hosts for the next five editions of the U17 World Cup and U17 Women‚Äôs World Cup: Qatar and Morocco!",,83,51,APrimitiveMartian,"2024-03-14 17:44:39","https://twitter.com/FIFAcom/status/1768314114433024347",0.85,False,False,False,False,134.0,70.55
1b56yal,"Ollie Watkins is honestly suprising.","I'm suprised how nobodys put him in a world class category and how Gareth Southgate has never called him up for World Cup or Euros,   last season he registered 15 goals and 6 assists   this season he's on 16 goals and 12 assists. Not to mention he doesn't play for a big club, how is Raheem sterling consistently starting for England but Watkins never gets a shot?",85,72,Deathnotefan76,"2024-03-03 03:17:45","https://www.reddit.com/r/football/comments/1b56yal/ollie_watkins_is_honestly_suprising/",0.7,False,False,False,False,157.0,59.49999999999999
1bn7b2r,"Ousmane Dembele was Barca‚Äôs biggest flop","Seriously. The amount of hype that was given to him when he could barely perform at the level that was expected. The money, resources, and tactics that were centered around him was a waste. No synergy or chemistry with other players. Idc if he was two footed, Dembele simply did not have the attributes of what makes Barca Barca.   I would pick 35 yr old Suarez any day.   Rant over. ",80,135,dmriaj,"2024-03-25 06:55:11","https://www.reddit.com/r/football/comments/1bn7b2r/ousmane_dembele_was_barcas_biggest_flop/",0.64,False,False,False,False,215.0,51.2
1bkepdp,"Premier League charges Leicester with spending breach",,74,48,tylerthe-theatre,"2024-03-21 19:12:49","https://www.bbc.co.uk/sport/football/68580638",0.95,False,False,False,False,122.0,70.3
1blpu2s,"What's the point of international friendlies in late March?","In just two months the club season will be completely over and there is going to be plenty of exciting national team football (Euros, Copa America) and plenty of time to play friendly games just before these competitions start. Why not simply let the club season continue naturally and end it a bit sooner, so these friendlies can be played after mid-May?  I know there are very few official games as well, like the Euro play-off games. But they concern only about 6-12 teams, it's 1-2 games and most of the teams don't have many players in the top leagues anyway. They should either play these games during another international break (November or after club season is over) or simply let players leave their clubs for 5-8 days and let the club season continue naturally. This happens all the time with AFCON and it's almost a month, I don't understand why it can't happen for 1-2 games for an UEFA competition. There are some other qualifiers in Asia as well, the same could apply to them.   I simply don't understand the point of sending players to go and travel all around the world during the most crucial part of the season. The top 2 leagues title race are on fire (especially EPL) the UCL/UEL quarter-finals are in less than 3 weeks, why risk players getting injured or losing form for some **friendlies?**   **I'm not saying it with hate** btw, I just don't understand the point of cutting the club season for no particular reason. I would love to hear an explanation.",70,67,Icy-Designer7103,"2024-03-23 11:18:10","https://www.reddit.com/r/football/comments/1blpu2s/whats_the_point_of_international_friendlies_in/",0.72,False,False,False,False,137.0,50.4
1b6aows,"If South American Nations were richer would they have won more Men's World Cups and Club World Cups?","Before the 2000s South America and Europe were equal when it came to club and international football. However, since the turn of the century European football has dominated with the rise of the PL, Champions League, Barca, Madrid, and other factors. What do you guys think? I know some people have speculated that if Brazil remained as an Empire the continent would have been richer.",65,68,WorldCupBro,"2024-03-04 13:18:41","https://www.reddit.com/r/football/comments/1b6aows/if_south_american_nations_were_richer_would_they/",0.82,False,False,False,False,133.0,53.3
1b5qye6,"What are the major differences between Latin American and European football?","What are the differences between style of football played by latin americans vs the style of football played by europeans ?",66,117,GoHardLive,"2024-03-03 20:22:42","https://www.reddit.com/r/football/comments/1b5qye6/what_are_the_major_differences_between_latin/",0.91,False,False,False,False,183.0,60.06
1b46lba,"Kylian Mbapp√© joined his mom in the stands after PSG coach Luis Enrique subbed him off at the half against his former club Monaco.",,64,13,yansine2000,"2024-03-01 21:47:52","https://i.redd.it/qzilbx3omslc1.jpeg",0.96,False,False,False,False,77.0,61.44
1b7yx30,"Diego Mural in Dublin, Ireland","In the shadow of the Aviva Stadium üáÆüá™ üáÆüá™ üá¶üá∑ üá¶üá∑ ",58,4,duff_11,"2024-03-06 12:51:18","https://i.redd.it/aiybnrjjnpmc1.jpeg",0.92,False,False,False,False,62.0,53.36
1b75m1x,"Club issues, coach‚Äôs son, 0 wins.","(Sorry for mediocre English) I play in 14u club as my second team (My main is the school team) but I really don‚Äôt fit in with the club. First of all, the coach‚Äôs son thinks it‚Äôs rec so he tries to dribble the whole defense on every play. He doesn‚Äôt get taught anything cause his dad, the coach, thinks he‚Äôs perfect. I tried to talk to him but the reason he said he doesn‚Äôt pass is cause I ‚Äúdon‚Äôt make a run‚Äù. I do, I promise, I even demand the ball, but he doesn‚Äôt look in my direction to do anything. (I usually play in the right wing, him as striker or CAM). Whenever a different player plays CAM, they actually give me through balls for me to then cross or shoot. But, even when the chemistry is starting to work, I get subbed out?????. He says the reason why is because I‚Äôm not aggresive, but I don‚Äôt agree because we are actually keeping the ball in their half for more than 20 seconds the way I‚Äôm playing. When I was out, we went on to score 0 goals and we lost 0-1. This usually happens in all of our games.  I don‚Äôt know what to do. Help.",57,21,DNA_Dreadful,"2024-03-05 13:49:00","https://www.reddit.com/r/football/comments/1b75m1x/club_issues_coachs_son_0_wins/",0.84,False,False,False,False,78.0,47.879999999999995
1bhdtkq,"Football has fallen off and I‚Äôm not a nostalgia merchant","Football has fallen off and I‚Äôm not a nostalgia merchant  Tactically the game has improved a lot , however in terms of entertainment and quality, I think football has decreased. Let me explain:  1. Flair and Individualism has decreased within football. Many coaches and top players have even said this is coached out of players nowadays due to too many instructions ( Lionel Scaloni is one who pointed this out). Wingers now aren‚Äôt as good as they were 10-20 years ago. We still have these players, but the amount and quality is dropping. Wingers now won‚Äôt dribble at their fullbacks as commonly as they would‚Äôve before e.g Saka rarely ever attempts to beat his fullback, he‚Äôll just simply pass back.  Best wingers itw in 2014: Messi, Ronaldo, Robben, Bale, Neymar, Ribery, Hazard, Sanchez etc (No order). compare that to the best wingers itw now. Same can be done for other positions.  2. Compare the best players itw today and the best players itw 10-20 years ago. Same with the best teams itw today and the best teams itw 10-20 years ago. There‚Äôs a decrease in quality within both.   3. Style of play within most teams is robotic. Players don‚Äôt shoot from distance nearly as much nowadays. Dribbling is even decreasing. Many teams just pass and pass and pass, it is incredibly boring. The prem nowadays is more boring to watch. E.g. watch the pl 2006 December goals of the month. Nowadays we will see one or two of those in a month if we‚Äôre lucky.  4. Leagues except for the prem have all fallen off (La Liga being a main one) Quality was more split throughout the top 5 leagues 10-20 years ago.  There‚Äôs more of course, in some ways football has improved, but I believe football as a sport isn‚Äôt an entertaining to the average fan as before. Many top pros and coaches and veteran football fans have pointed this out so it can‚Äôt just be me. Many scream nostalgia, but I don‚Äôt think that‚Äôs the case.  ",57,118,mandemmemesuk,"2024-03-18 00:43:49","https://www.reddit.com/r/football/comments/1bhdtkq/football_has_fallen_off_and_im_not_a_nostalgia/",0.75,False,False,False,False,175.0,42.75
1bluawf,"Rodrygo on mental health: ""We need to be careful about it. I advise everyone, to look for a psychologist [...] At first, I didn‚Äôt want to do it. I thought it was something for people with problems. But I realised the psychologist was there to help me, like a friend that I could tell her anything.""",,48,2,MrVISKman,"2024-03-23 15:04:33","https://www.theguardian.com/football/2024/mar/23/rodrygo-brazil-real-madrid-world-cup-england-wembley",0.9,False,False,False,False,50.0,43.2
1bccy7c,"UCL Round of 16 last four games predictions:","* Barcelona 1-0 Napoli (Gundogan)  Both teams are pretty bad this season, but I still think Barcelona can grind a 1-0 or 2-1 result at home, maybe after extra time? Napoli barely had any shots in the 1st leg, so away I don't really expect them to score more than once.  * Arsenal 3-0 Porto (Saka x2, Gabriel)  Arsenal are a completely different team at home in the UCL, we saw it in the group stages. I know people will say that Porto are more experienced, but Arsenal simply are better on every aspect, they'll go through easily if they play like most of the time this season. Porto are 3rd on their league, they don't really have their best season, despite what happened in the 1st leg.   * Dortmund 2-1 PSV (Can, Fullkrug // Bakayoko)  PSV didn't do much in the home game, but they have scored 80 goals in 25 league games, I could totally see them scoring at least once. Dortmund have a good squad, but they're unpredictable. They've topped the ""group of death"", but we've also seen them suffering heavy defeats, like the 0-4 from Bayern. I still back them to make it to the quarter-finals.  * Atletico Madrid 0-2 Inter (Calhanoglu, Dimarco)  2-3 years ago everyone would call me crazy with this prediction. But right now, Inter are a top 3 team in the world in terms of form and they possess some really good players. Not to mention they were in the final last season. They're winning everyone this season, they don't care about home and away. Meanwhile Atletico are out of any other competition and recently received some humiliating defeats by Cadiz and Athetic Club. I know they're yet to lose at home in La Liga, but their best player (Griezmann) will either be out with injury, or will be forced to return asap for this game, none of this scenarios sound ideal. I think they'll attack for most of the game, to turn it around, but Inter will not concede and then hit on the counter.",44,54,Icy-Designer7103,"2024-03-11 20:11:10","https://www.reddit.com/r/football/comments/1bccy7c/ucl_round_of_16_last_four_games_predictions/",0.86,False,False,False,False,98.0,37.839999999999996
1bcf70d,"All Romanian International Football Finals",,49,9,No-Salt-4067,"2024-03-11 21:38:04","https://i.redd.it/husf0rfnxrnc1.png",0.97,False,False,False,False,58.0,47.53
1bmdxjv,"Is Richarlison not loved in Brazil?","Surprised he has no minutes today vs England. Is he 2nd tier? What happened? He did so well in the world cup...",41,41,TheOtherSide999,"2024-03-24 06:13:52","https://www.reddit.com/r/football/comments/1bmdxjv/is_richarlison_not_loved_in_brazil/",0.81,False,False,False,False,82.0,33.21
1bh9qve,"Remove the ‚Äòclear and obvious‚Äô in VAR checks.","I‚Äôm sick and tired of VAR. The refereeing in West Ham vs Aston Villa was an absolute joke. 5 minutes for a VAR check? Why do they have these ‚Äòclear and obvious‚Äô criteria? Remove it and just make it so it can correct any mistake. I just want VAR to correct mistakes. Not to only correct bad mistakes and let the wrong decisions stand because ‚Äòit‚Äôs not a clear and obvious mistake.‚Äô Just change the damn ruling. They change it every few months anyways, just remove it and it makes the whole thing so much simpler. And none of this crap about it making the ref's jobs harder because it doesn‚Äôt, it makes it easier because they get to correct their mistakes instead of looking and seeing if it was that bad to correct or not. If you make a mistake, use VAR to correct it. End of.  EDIT - I never said I wanted an increase in VAR or any of the things half of you are saying. Just make VAR simple by removing these stupid criteria. I want less stoppage for VAR checks and more correct decisions made quickly.",41,49,Smart_But123581321,"2024-03-17 21:50:16","https://www.reddit.com/r/football/comments/1bh9qve/remove_the_clear_and_obvious_in_var_checks/",0.73,False,False,False,False,90.0,29.93
1bdbdl8,"Playing the second leg of UCL at home is a big advantage","I just finished watching the Arsenal Porto penalties and playing the second leg at home is too big of an advantage especially during penalties. Having the crowd on your side during penalties is a massive advantage. I did read another post on here that showed that teams that played second leg at home in the UCL win the tie more often.",40,62,rnnd,"2024-03-12 22:57:15","https://www.reddit.com/r/football/comments/1bdbdl8/playing_the_second_leg_of_ucl_at_home_is_a_big/",0.71,False,False,False,False,102.0,28.4
1b0e3h4,"If you could, what rules would you change?","For me I think timewasting is really boring and unfair. It should be punished harder. Goalie holding the ball after 6 seconds? Yellow, Leaving field on wrong side? Yellow etc... as it was intended. Also we should get rid of the corner thing. Corners should have to be kicked directly into the box after the 80th minute. What about you guys? Any ideas on how the game could be improved?",44,237,Little_Legend_,"2024-02-26 10:11:14","https://www.reddit.com/r/football/comments/1b0e3h4/if_you_could_what_rules_would_you_change/",0.74,False,False,False,False,281.0,32.56
1b5p445,"Alonso's Leverkusen win to go 10 points clear",,36,6,Football_Discussions,"2024-03-03 19:10:09","https://www.bbc.com/sport/football/68464067",0.92,False,False,False,False,42.0,33.120000000000005
1bdbwpl,"UEFA are making contingency plans for a possible Liverpool v Rangers Europa League final",,41,63,stripe_koinange,"2024-03-12 23:18:46","https://twitter.com/SkySportsNews/status/1767621887587160273?t=7NltnBx1_XhMoll-b7x9sg&s=19",1.0,False,False,False,False,104.0,41.0
1bcih6i,"What would be the XI for a European Union üá™üá∫ national team?","This will also include the EU üá™üá∫ member states plus Switzerlandüá®üá≠, Norway üá≥üá¥, Liechtenstein üá±üáÆ, and Iceland üáÆüá∏ as these 4 also have freedom of movement within EU member states. Thus, we can‚Äôt include British players since the UK üá¨üáß left the EU and doesn‚Äôt have any free movement within Europe unlike the other 4 nations. This would be my starting European XI:  Mbappe üá´üá∑     Haaland üá≥üá¥     Bernardo üáµüáπ  B. Fernandes üáµüáπ    Rodri üá™üá∏     KDB üáßüá™  Cancelo üáµüáπ  VVD üá≥üá±   Dias üáµüáπ   Kimmich üá©üá™  Courtois üáßüá™  What‚Äôs yours and why?",32,66,Familiar-Safety-226,"2024-03-11 23:48:28","https://www.reddit.com/r/football/comments/1bcih6i/what_would_be_the_xi_for_a_european_union/",0.7,False,False,False,False,98.0,22.4
1bhjuax,"Trabzonspor fans invade pitch and attack Fenerbahce players after loss",,32,12,Relevant_Ninja2251,"2024-03-18 06:06:31","https://mol.im/a/13207943",0.93,False,False,False,False,44.0,29.76
1bghydq,"How did Inter Miami already play 5 games ?","How come Miami just played their 5th game in the league and there‚Äôs teams that have only played twice ?",32,13,edpen77,"2024-03-16 22:29:49","https://www.reddit.com/r/football/comments/1bghydq/how_did_inter_miami_already_play_5_games/",0.9,False,False,False,False,45.0,28.8
1bkq2i0,"How would you rank the 6 FIFA confederations by the strength of their leagues"," And I am saying the average strengh of ALL their leagues ",30,35,Empty_Ad960,"2024-03-22 03:41:41","https://www.reddit.com/r/football/comments/1bkq2i0/how_would_you_rank_the_6_fifa_confederations_by/",0.9,False,False,False,False,65.0,27.0
1b5o2xd,"Guess the footballer! Just some fun trivia ","1. This footballer is the most capped player for his national team, leading them to qualification to both Euro 2016 and Euro 2020. 2. He's played under Mark Hughes, Davis Moyes, and even Jose Mourinho. 3. He scored in the Champions League group stage this season, nearly 13 years since his last goal in the competitors (a record).  4. A highly inconsistent forward for most of his career, he enjoyed his best goal scoring days outside of Europe for Shanghai Port F.C. 5. A treble winner, he's played with the likes of Mario Balotelli, Peter Crouch, Declan Rice, and Lautaro Martinez. ",32,28,None,"2024-03-03 18:28:28","https://www.reddit.com/r/football/comments/1b5o2xd/guess_the_footballer_just_some_fun_trivia/",0.92,False,False,False,False,60.0,29.44
1b1dk6h,"Ten Hag slams Carragher's 'subjective' punditry",,30,24,tylerthe-theatre,"2024-02-27 14:46:26","https://www.espn.co.uk/football/story/_/id/39608023/ten-hag-hits-carragher-subjective-man-united-talk",0.78,False,False,False,False,54.0,23.400000000000002
1b91k27,"Who have been the most progressive midfielders this season? [OC]",,29,5,Jinshanling,"2024-03-07 18:17:58","https://i.redd.it/tnp1ygeneymc1.png",0.85,False,False,False,False,34.0,24.65
1bkux5m,"How Leicester City's magic carpet ride spiralled into a spending rules nightmare",,27,7,TheTelegraph,"2024-03-22 09:11:20","https://www.telegraph.co.uk/football/2024/03/22/how-leicester-city-spending-rules-psr-points-premier-league/",0.9,False,False,False,False,34.0,24.3
1blk4cp,"How Reading FC‚Äôs owner left a 150-year-old football club in crisis (FT article)",,28,4,No_Money5651,"2024-03-23 04:55:23","https://www.ft.com/content/bfc91428-757b-4410-8c84-135fcccbc99f",0.92,False,False,False,False,32.0,25.76
1benqok,"Dream draw for the QuarterFinals?","With the draw happening tomorrow what is your dream draw for each matchup and why?",24,50,Sensitive-Month2382,"2024-03-14 15:22:57","https://www.reddit.com/r/football/comments/1benqok/dream_draw_for_the_quarterfinals/",0.91,False,False,False,False,74.0,21.84
